ID,Class
6284,O
6285,E
6286,I
6287,O
6288,T
6289,z
6290,O
6291,N
6292,a
6293,H
6294,N
6295,W
6296,H
6297,H
6298,e
6299,S
6300,A
6301,R
6302,X
6303,S
6304,H
6305,T
6306,A
6307,a
6308,a
6309,S
6310,E
6311,U
6312,n
6313,n
6314,A
6315,W
6316,e
6317,V
6318,c
6319,q
6320,L
6321,n
6322,O
6323,i
6324,W
6325,I
6326,A
6327,m
6328,e
6329,1
6330,U
6331,A
6332,i
6333,V
6334,U
6335,E
6336,i
6337,q
6338,H
6339,U
6340,O
6341,S
6342,R
6343,R
6344,O
6345,P
6346,E
6347,a
6348,T
6349,C
6350,C
6351,H
6352,W
6353,1
6354,O
6355,6
6356,O
6357,U
6358,r
6359,N
6360,a
6361,W
6362,N
6363,H
6364,N
6365,M
6366,O
6367,F
6368,H
6369,I
6370,Y
6371,R
6372,N
6373,R
6374,A
6375,Y
6376,L
6377,A
6378,P
6379,S
6380,T
6381,M
6382,O
6383,E
6384,R
6385,R
6386,S
6387,C
6388,n
6389,O
6390,A
6391,e
6392,T
6393,F
6394,A
6395,P
6396,I
6397,m
6398,G
6399,A
6400,L
6401,S
6402,S
6403,E
6404,M
6405,N
6406,W
6407,n
6408,I
6409,S
6410,N
6411,C
6412,E
6413,O
6414,R
6415,R
6416,N
6417,O
6418,P
6419,N
6420,m
6421,N
6422,O
6423,N
6424,S
6425,F
6426,W
6427,4
6428,n
6429,D
6430,E
6431,3
6432,d
6433,S
6434,S
6435,0
6436,t
6437,T
6438,P
6439,O
6440,E
6441,S
6442,r
6443,I
6444,S
6445,I
6446,E
6447,M
6448,N
6449,A
6450,I
6451,t
6452,e
6453,2
6454,R
6455,C
6456,R
6457,B
6458,T
6459,T
6460,O
6461,N
6462,A
6463,K
6464,D
6465,C
6466,H
6467,C
6468,A
6469,A
6470,U
6471,H
6472,A
6473,5
6474,E
6475,N
6476,A
6477,A
6478,a
6479,A
6480,X
6481,H
6482,O
6483,T
6484,O
6485,H
6486,e
6487,t
6488,6
6489,D
6490,C
6491,O
6492,P
6493,A
6494,V
6495,K
6496,A
6497,U
6498,H
6499,U
6500,U
6501,i
6502,O
6503,m
6504,A
6505,K
6506,R
6507,I
6508,e
6509,E
6510,H
6511,U
6512,A
6513,I
6514,N
6515,G
6516,N
6517,S
6518,N
6519,T
6520,O
6521,G
6522,R
6523,d
6524,R
6525,L
6526,E
6527,e
6528,O
6529,C
6530,r
6531,A
6532,N
6533,S
6534,a
6535,C
6536,i
6537,R
6538,t
6539,H
6540,t
6541,O
6542,R
6543,E
6544,O
6545,h
6546,K
6547,n
6548,M
6549,T
6550,A
6551,E
6552,N
6553,I
6554,e
6555,I
6556,H
6557,O
6558,F
6559,I
6560,r
6561,6
6562,O
6563,9
6564,G
6565,E
6566,R
6567,X
6568,A
6569,S
6570,F
6571,L
6572,O
6573,N
6574,S
6575,O
6576,H
6577,O
6578,O
6579,S
6580,I
6581,X
6582,R
6583,I
6584,6
6585,T
6586,i
6587,N
6588,C
6589,S
6590,e
6591,E
6592,A
6593,L
6594,e
6595,P
6596,d
6597,O
6598,I
6599,A
6600,I
6601,O
6602,P
6603,E
6604,V
6605,S
6606,L
6607,e
6608,i
6609,T
6610,H
6611,O
6612,R
6613,R
6614,O
6615,C
6616,O
6617,P
6618,M
6619,e
6620,R
6621,U
6622,C
6623,O
6624,0
6625,n
6626,G
6627,P
6628,O
6629,F
6630,K
6631,O
6632,T
6633,U
6634,m
6635,B
6636,U
6637,O
6638,T
6639,E
6640,D
6641,T
6642,P
6643,O
6644,S
6645,e
6646,I
6647,C
6648,6
6649,H
6650,P
6651,e
6652,2
6653,O
6654,N
6655,C
6656,T
6657,P
6658,K
6659,2
6660,C
6661,E
6662,L
6663,M
6664,2
6665,S
6666,R
6667,O
6668,A
6669,O
6670,r
6671,G
6672,p
6673,O
6674,R
6675,A
6676,S
6677,O
6678,P
6679,T
6680,L
6681,T
6682,E
6683,D
6684,A
6685,N
6686,N
6687,X
6688,R
6689,L
6690,A
6691,S
6692,T
6693,A
6694,M
6695,S
6696,m
6697,E
6698,T
6699,X
6700,5
6701,O
6702,K
6703,S
6704,D
6705,P
6706,M
6707,L
6708,I
6709,C
6710,I
6711,O
6712,n
6713,T
6714,C
6715,E
6716,A
6717,S
6718,A
6719,q
6720,V
6721,S
6722,O
6723,N
6724,n
6725,M
6726,T
6727,N
6728,E
6729,2
6730,S
6731,R
6732,T
6733,C
6734,L
6735,1
6736,O
6737,D
6738,R
6739,n
6740,E
6741,S
6742,T
6743,E
6744,A
6745,E
6746,R
6747,N
6748,a
6749,a
6750,I
6751,t
6752,t
6753,n
6754,e
6755,U
6756,D
6757,E
6758,R
6759,A
6760,T
6761,e
6762,B
6763,U
6764,u
6765,S
6766,I
6767,U
6768,U
6769,O
6770,C
6771,G
6772,U
6773,R
6774,V
6775,T
6776,R
6777,S
6778,O
6779,O
6780,O
6781,a
6782,O
6783,A
6784,T
6785,O
6786,C
6787,i
6788,G
6789,O
6790,O
6791,t
6792,N
6793,O
6794,V
6795,T
6796,U
6797,A
6798,u
6799,O
6800,K
6801,T
6802,O
6803,A
6804,A
6805,U
6806,1
6807,C
6808,G
6809,I
6810,O
6811,K
6812,V
6813,S
6814,7
6815,n
6816,A
6817,B
6818,t
6819,D
6820,A
6821,E
6822,S
6823,C
6824,2
6825,H
6826,S
6827,N
6828,N
6829,P
6830,R
6831,a
6832,E
6833,E
6834,S
6835,e
6836,E
6837,M
6838,e
6839,M
6840,I
6841,I
6842,a
6843,E
6844,C
6845,a
6846,t
6847,O
6848,a
6849,r
6850,h
6851,O
6852,O
6853,e
6854,E
6855,d
6856,B
6857,V
6858,N
6859,t
6860,O
6861,N
6862,S
6863,T
6864,E
6865,I
6866,t
6867,A
6868,S
6869,A
6870,E
6871,L
6872,T
6873,O
6874,q
6875,S
6876,t
6877,N
6878,L
6879,i
6880,a
6881,E
6882,O
6883,Y
6884,L
6885,L
6886,I
6887,A
6888,A
6889,E
6890,n
6891,S
6892,T
6893,T
6894,t
6895,I
6896,i
6897,G
6898,r
6899,A
6900,I
6901,O
6902,G
6903,q
6904,S
6905,t
6906,t
6907,R
6908,B
6909,A
6910,L
6911,I
6912,R
6913,H
6914,I
6915,O
6916,T
6917,e
6918,a
6919,T
6920,R
6921,V
6922,T
6923,i
6924,I
6925,B
6926,P
6927,N
6928,E
6929,S
6930,R
6931,N
6932,a
6933,A
6934,C
6935,L
6936,n
6937,N
6938,M
6939,A
6940,U
6941,I
6942,R
6943,P
6944,0
6945,C
6946,N
6947,I
6948,T
6949,1
6950,L
6951,y
6952,U
6953,D
6954,n
6955,I
6956,O
6957,K
6958,E
6959,O
6960,M
6961,E
6962,G
6963,E
6964,d
6965,A
6966,R
6967,N
6968,V
6969,Y
6970,I
6971,i
6972,S
6973,L
6974,T
6975,t
6976,e
6977,R
6978,O
6979,I
6980,t
6981,U
6982,N
6983,A
6984,a
6985,0
6986,a
6987,F
6988,A
6989,F
6990,R
6991,I
6992,O
6993,M
6994,S
6995,N
6996,I
6997,a
6998,I
6999,L
7000,A
7001,A
7002,I
7003,W
7004,H
7005,x
7006,P
7007,M
7008,E
7009,I
7010,A
7011,i
7012,O
7013,R
7014,O
7015,4
7016,R
7017,r
7018,L
7019,i
7020,A
7021,N
7022,N
7023,O
7024,T
7025,W
7026,O
7027,d
7028,O
7029,S
7030,C
7031,R
7032,N
7033,e
7034,O
7035,6
7036,A
7037,E
7038,W
7039,T
7040,A
7041,e
7042,G
7043,Y
7044,E
7045,E
7046,C
7047,O
7048,n
7049,I
7050,I
7051,O
7052,I
7053,e
7054,y
7055,E
7056,2
7057,U
7058,m
7059,r
7060,O
7061,N
7062,T
7063,c
7064,N
7065,O
7066,S
7067,7
7068,I
7069,E
7070,F
7071,a
7072,7
7073,S
7074,2
7075,N
7076,A
7077,O
7078,P
7079,C
7080,I
7081,A
7082,4
7083,O
7084,P
7085,B
7086,U
7087,n
7088,I
7089,O
7090,E
7091,R
7092,u
7093,R
7094,I
7095,e
7096,u
7097,O
7098,E
7099,E
7100,T
7101,R
7102,D
7103,L
7104,3
7105,G
7106,T
7107,L
7108,O
7109,a
7110,t
7111,A
7112,Y
7113,Z
7114,e
7115,F
7116,L
7117,L
7118,A
7119,S
7120,t
7121,R
7122,n
7123,E
7124,B
7125,S
7126,H
7127,e
7128,A
7129,C
7130,A
7131,D
7132,S
7133,W
7134,N
7135,i
7136,n
7137,O
7138,L
7139,O
7140,i
7141,T
7142,W
7143,a
7144,A
7145,t
7146,i
7147,O
7148,W
7149,O
7150,i
7151,t
7152,E
7153,A
7154,U
7155,A
7156,e
7157,a
7158,G
7159,a
7160,E
7161,P
7162,a
7163,e
7164,T
7165,A
7166,L
7167,X
7168,E
7169,M
7170,2
7171,O
7172,n
7173,C
7174,L
7175,A
7176,S
7177,H
7178,A
7179,y
7180,n
7181,A
7182,W
7183,M
7184,A
7185,Z
7186,A
7187,H
7188,d
7189,V
7190,H
7191,M
7192,A
7193,i
7194,9
7195,A
7196,O
7197,H
7198,K
7199,O
7200,N
7201,7
7202,O
7203,O
7204,9
7205,O
7206,O
7207,X
7208,N
7209,H
7210,T
7211,D
7212,O
7213,E
7214,A
7215,O
7216,M
7217,7
7218,A
7219,I
7220,E
7221,A
7222,A
7223,R
7224,W
7225,U
7226,S
7227,e
7228,A
7229,O
7230,E
7231,a
7232,A
7233,R
7234,0
7235,U
7236,O
7237,S
7238,O
7239,K
7240,R
7241,L
7242,f
7243,e
7244,2
7245,N
7246,G
7247,O
7248,a
7249,D
7250,U
7251,0
7252,E
7253,E
7254,a
7255,A
7256,S
7257,O
7258,A
7259,R
7260,S
7261,E
7262,O
7263,N
7264,G
7265,D
7266,C
7267,S
7268,D
7269,a
7270,E
7271,S
7272,G
7273,R
7274,S
7275,B
7276,i
7277,Y
7278,N
7279,L
7280,t
7281,n
7282,A
7283,T
7284,I
7285,R
7286,S
7287,P
7288,T
7289,Z
7290,A
7291,E
7292,S
7293,E
7294,n
7295,O
7296,O
7297,R
7298,k
7299,A
7300,O
7301,i
7302,S
7303,O
7304,I
7305,b
7306,6
7307,0
7308,O
7309,G
7310,C
7311,E
7312,i
7313,A
7314,A
7315,n
7316,A
7317,S
7318,t
7319,O
7320,C
7321,m
7322,T
7323,G
7324,B
7325,I
7326,O
7327,9
7328,e
7329,N
7330,H
7331,R
7332,P
7333,A
7334,A
7335,B
7336,O
7337,R
7338,H
7339,Z
7340,L
7341,W
7342,E
7343,E
7344,L
7345,N
7346,A
7347,O
7348,F
7349,R
7350,A
7351,e
7352,H
7353,0
7354,L
7355,R
7356,S
7357,R
7358,r
7359,R
7360,t
7361,L
7362,E
7363,a
7364,Y
7365,C
7366,T
7367,A
7368,S
7369,E
7370,A
7371,I
7372,O
7373,7
7374,H
7375,E
7376,S
7377,I
7378,T
7379,A
7380,F
7381,N
7382,S
7383,S
7384,O
7385,T
7386,O
7387,a
7388,O
7389,i
7390,S
7391,I
7392,i
7393,N
7394,S
7395,i
7396,n
7397,L
7398,0
7399,O
7400,I
7401,E
7402,G
7403,N
7404,O
7405,2
7406,a
7407,E
7408,L
7409,O
7410,B
7411,N
7412,r
7413,r
7414,3
7415,t
7416,L
7417,T
7418,A
7419,O
7420,E
7421,I
7422,C
7423,O
7424,7
7425,R
7426,H
7427,d
7428,n
7429,N
7430,I
7431,I
7432,I
7433,A
7434,e
7435,T
7436,R
7437,O
7438,O
7439,S
7440,e
7441,B
7442,A
7443,U
7444,E
7445,S
7446,P
7447,x
7448,O
7449,W
7450,C
7451,L
7452,O
7453,S
7454,S
7455,X
7456,S
7457,C
7458,H
7459,B
7460,S
7461,H
7462,E
7463,K
7464,I
7465,T
7466,W
7467,O
7468,n
7469,T
7470,O
7471,e
7472,N
7473,I
7474,P
7475,A
7476,P
7477,R
7478,S
7479,i
7480,N
7481,C
7482,a
7483,B
7484,L
7485,A
7486,t
7487,L
7488,S
7489,E
7490,P
7491,y
7492,W
7493,X
7494,T
7495,I
7496,T
7497,C
7498,e
7499,I
7500,e
7501,O
7502,P
7503,N
7504,U
7505,y
7506,O
7507,2
7508,O
7509,T
7510,t
7511,G
7512,R
7513,S
7514,0
7515,S
7516,R
7517,L
7518,E
7519,H
7520,E
7521,R
7522,E
7523,A
7524,I
7525,b
7526,r
7527,C
7528,F
7529,T
7530,a
7531,R
7532,O
7533,A
7534,e
7535,A
7536,3
7537,R
7538,A
7539,R
7540,I
7541,U
7542,R
7543,O
7544,B
7545,D
7546,X
7547,R
7548,t
7549,O
7550,A
7551,A
7552,L
7553,e
7554,a
7555,R
7556,k
7557,N
7558,e
7559,S
7560,M
7561,G
7562,O
7563,I
7564,T
7565,R
7566,P
7567,S
7568,H
7569,e
7570,N
7571,K
7572,r
7573,a
7574,N
7575,e
7576,R
7577,I
7578,O
7579,a
7580,t
7581,H
7582,O
7583,E
7584,U
7585,n
7586,T
7587,a
7588,P
7589,W
7590,S
7591,P
7592,S
7593,T
7594,M
7595,O
7596,O
7597,R
7598,T
7599,E
7600,R
7601,M
7602,L
7603,M
7604,A
7605,N
7606,S
7607,U
7608,a
7609,R
7610,L
7611,V
7612,E
7613,O
7614,I
7615,n
7616,A
7617,F
7618,i
7619,G
7620,Y
7621,W
7622,i
7623,L
7624,A
7625,S
7626,M
7627,O
7628,P
7629,e
7630,n
7631,o
7632,T
7633,A
7634,k
7635,e
7636,x
7637,P
7638,O
7639,B
7640,E
7641,S
7642,i
7643,I
7644,e
7645,K
7646,t
7647,P
7648,A
7649,O
7650,O
7651,R
7652,I
7653,A
7654,U
7655,6
7656,I
7657,E
7658,A
7659,r
7660,a
7661,m
7662,R
7663,R
7664,V
7665,L
7666,D
7667,e
7668,O
7669,F
7670,K
7671,6
7672,e
7673,K
7674,V
7675,I
7676,P
7677,O
7678,O
7679,j
7680,R
7681,A
7682,a
7683,S
7684,e
7685,u
7686,S
7687,e
7688,E
7689,O
7690,U
7691,M
7692,H
7693,E
7694,i
7695,V
7696,H
7697,M
7698,P
7699,A
7700,O
7701,N
7702,N
7703,P
7704,F
7705,R
7706,E
7707,R
7708,R
7709,S
7710,O
7711,R
7712,P
7713,e
7714,A
7715,G
7716,Z
7717,H
7718,n
7719,I
7720,T
7721,S
7722,S
7723,P
7724,e
7725,S
7726,t
7727,S
7728,N
7729,S
7730,O
7731,i
7732,N
7733,E
7734,D
7735,M
7736,U
7737,5
7738,R
7739,S
7740,O
7741,O
7742,A
7743,e
7744,I
7745,n
7746,R
7747,C
7748,5
7749,N
7750,T
7751,r
7752,C
7753,T
7754,E
7755,N
7756,R
7757,n
7758,e
7759,A
7760,9
7761,i
7762,S
7763,A
7764,W
7765,I
7766,m
7767,A
7768,5
7769,A
7770,N
7771,I
7772,R
7773,S
7774,R
7775,S
7776,A
7777,h
7778,E
7779,O
7780,N
7781,A
7782,r
7783,n
7784,I
7785,a
7786,C
7787,M
7788,S
7789,O
7790,e
7791,S
7792,A
7793,t
7794,N
7795,A
7796,E
7797,n
7798,e
7799,O
7800,S
7801,I
7802,I
7803,H
7804,A
7805,I
7806,N
7807,V
7808,O
7809,U
7810,K
7811,0
7812,3
7813,C
7814,r
7815,M
7816,I
7817,E
7818,n
7819,G
7820,N
7821,F
7822,e
7823,r
7824,E
7825,a
7826,A
7827,r
7828,a
7829,P
7830,R
7831,P
7832,R
7833,S
7834,0
7835,H
7836,A
7837,R
7838,S
7839,S
7840,Y
7841,e
7842,W
7843,T
7844,K
7845,E
7846,F
7847,I
7848,S
7849,N
7850,r
7851,R
7852,A
7853,M
7854,E
7855,T
7856,T
7857,U
7858,O
7859,r
7860,L
7861,S
7862,C
7863,V
7864,R
7865,T
7866,N
7867,K
7868,A
7869,e
7870,G
7871,E
7872,G
7873,L
7874,A
7875,h
7876,E
7877,B
7878,X
7879,N
7880,e
7881,I
7882,i
7883,C
7884,a
7885,G
7886,i
7887,E
7888,8
7889,U
7890,A
7891,r
7892,E
7893,N
7894,S
7895,N
7896,I
7897,R
7898,O
7899,E
7900,e
7901,e
7902,E
7903,S
7904,N
7905,T
7906,O
7907,V
7908,G
7909,0
7910,A
7911,K
7912,2
7913,O
7914,C
7915,C
7916,R
7917,X
7918,T
7919,I
7920,V
7921,J
7922,5
7923,H
7924,e
7925,S
7926,P
7927,Y
7928,E
7929,r
7930,I
7931,3
7932,N
7933,H
7934,T
7935,R
7936,a
7937,Y
7938,N
7939,I
7940,T
7941,i
7942,H
7943,D
7944,I
7945,E
7946,R
7947,F
7948,R
7949,O
7950,7
7951,L
7952,A
7953,A
7954,I
7955,a
7956,I
7957,T
7958,n
7959,F
7960,I
7961,E
7962,H
7963,W
7964,C
7965,O
7966,I
7967,B
7968,S
7969,W
7970,S
7971,N
7972,n
7973,R
7974,T
7975,P
7976,A
7977,K
7978,G
7979,T
7980,E
7981,I
7982,E
7983,T
7984,S
7985,L
7986,r
7987,N
7988,e
7989,O
7990,T
7991,S
7992,U
7993,G
7994,C
7995,n
7996,O
7997,R
7998,O
7999,O
8000,N
8001,O
8002,S
8003,g
8004,C
8005,T
8006,T
8007,I
8008,m
8009,A
8010,O
8011,A
8012,G
8013,R
8014,T
8015,E
8016,L
8017,c
8018,T
8019,n
8020,T
8021,A
8022,z
8023,U
8024,H
8025,a
8026,O
8027,R
8028,C
8029,A
8030,n
8031,N
8032,B
8033,e
8034,t
8035,S
8036,M
8037,E
8038,T
8039,q
8040,U
8041,O
8042,T
8043,A
8044,R
8045,N
8046,N
8047,C
8048,S
8049,n
8050,C
8051,A
8052,3
8053,a
8054,H
8055,S
8056,H
8057,r
8058,T
8059,N
8060,q
8061,9
8062,R
8063,S
8064,R
8065,S
8066,O
8067,e
8068,i
8069,N
8070,N
8071,M
8072,I
8073,t
8074,C
8075,e
8076,O
8077,T
8078,R
8079,M
8080,y
8081,E
8082,S
8083,E
8084,N
8085,d
8086,R
8087,m
8088,T
8089,C
8090,R
8091,S
8092,T
8093,S
8094,I
8095,O
8096,r
8097,T
8098,a
8099,A
8100,S
8101,i
8102,I
8103,H
8104,I
8105,R
8106,H
8107,6
8108,L
8109,T
8110,A
8111,C
8112,i
8113,W
8114,E
8115,O
8116,L
8117,S
8118,N
8119,L
8120,A
8121,t
8122,G
8123,n
8124,I
8125,m
8126,O
8127,E
8128,l
8129,T
8130,L
8131,A
8132,i
8133,N
8134,H
8135,R
8136,C
8137,K
8138,C
8139,G
8140,O
8141,r
8142,D
8143,G
8144,T
8145,n
8146,W
8147,y
8148,O
8149,k
8150,C
8151,R
8152,R
8153,N
8154,J
8155,U
8156,r
8157,B
8158,Z
8159,a
8160,O
8161,H
8162,S
8163,M
8164,S
8165,2
8166,R
8167,o
8168,U
8169,G
8170,D
8171,E
8172,i
8173,E
8174,S
8175,K
8176,T
8177,R
8178,W
8179,E
8180,T
8181,I
8182,O
8183,O
8184,E
8185,S
8186,R
8187,L
8188,A
8189,H
8190,E
8191,S
8192,i
8193,S
8194,B
8195,N
8196,E
8197,A
8198,S
8199,T
8200,A
8201,P
8202,I
8203,t
8204,i
8205,A
8206,N
8207,D
8208,e
8209,L
8210,E
8211,S
8212,N
8213,A
8214,T
8215,E
8216,N
8217,C
8218,S
8219,J
8220,K
8221,1
8222,R
8223,K
8224,i
8225,N
8226,N
8227,A
8228,E
8229,R
8230,S
8231,9
8232,T
8233,N
8234,E
8235,A
8236,I
8237,p
8238,I
8239,n
8240,a
8241,O
8242,G
8243,I
8244,S
8245,G
8246,I
8247,t
8248,N
8249,T
8250,A
8251,C
8252,M
8253,O
8254,O
8255,S
8256,Y
8257,F
8258,a
8259,M
8260,C
8261,N
8262,O
8263,I
8264,9
8265,B
8266,S
8267,e
8268,H
8269,N
8270,U
8271,E
8272,H
8273,P
8274,O
8275,C
8276,R
8277,E
8278,A
8279,G
8280,L
8281,O
8282,R
8283,A
8284,A
8285,L
8286,S
8287,T
8288,k
8289,C
8290,S
8291,R
8292,P
8293,d
8294,O
8295,T
8296,E
8297,N
8298,B
8299,C
8300,H
8301,O
8302,I
8303,n
8304,N
8305,O
8306,V
8307,I
8308,O
8309,N
8310,G
8311,C
8312,G
8313,E
8314,7
8315,A
8316,6
8317,E
8318,t
8319,2
8320,m
8321,i
8322,T
8323,F
8324,E
8325,N
8326,I
8327,U
8328,X
8329,I
8330,E
8331,A
8332,t
8333,N
8334,M
8335,O
8336,O
8337,A
8338,O
8339,C
8340,e
8341,N
8342,n
8343,A
8344,C
8345,N
8346,S
8347,R
8348,O
8349,e
8350,I
8351,R
8352,O
8353,T
8354,R
8355,V
8356,i
8357,9
8358,O
8359,I
8360,r
8361,T
8362,F
8363,E
8364,O
8365,O
8366,E
8367,O
8368,R
8369,S
8370,a
8371,t
8372,i
8373,n
8374,N
8375,P
8376,L
8377,R
8378,R
8379,N
8380,N
8381,n
8382,F
8383,K
8384,S
8385,a
8386,S
8387,L
8388,B
8389,S
8390,R
8391,L
8392,e
8393,e
8394,N
8395,S
8396,P
8397,S
8398,B
8399,I
8400,A
8401,O
8402,K
8403,t
8404,R
8405,S
8406,N
8407,S
8408,A
8409,E
8410,N
8411,E
8412,B
8413,h
8414,T
8415,O
8416,Y
8417,6
8418,L
8419,O
8420,L
8421,N
8422,M
8423,N
8424,N
8425,O
8426,I
8427,E
8428,E
8429,D
8430,O
8431,T
8432,A
8433,H
8434,I
8435,O
8436,A
8437,B
8438,O
8439,A
8440,O
8441,A
8442,H
8443,R
8444,S
8445,t
8446,Z
8447,e
8448,I
8449,A
8450,O
8451,I
8452,O
8453,N
8454,I
8455,T
8456,a
8457,H
8458,m
8459,M
8460,E
8461,B
8462,e
8463,E
8464,L
8465,t
8466,U
8467,H
8468,L
8469,F
8470,C
8471,7
8472,C
8473,B
8474,R
8475,R
8476,R
8477,E
8478,T
8479,O
8480,G
8481,O
8482,P
8483,R
8484,C
8485,U
8486,e
8487,i
8488,S
8489,e
8490,A
8491,G
8492,O
8493,R
8494,E
8495,L
8496,S
8497,n
8498,7
8499,V
8500,e
8501,1
8502,A
8503,E
8504,m
8505,E
8506,T
8507,C
8508,B
8509,I
8510,N
8511,I
8512,K
8513,6
8514,E
8515,D
8516,O
8517,I
8518,g
8519,U
8520,N
8521,H
8522,Y
8523,R
8524,I
8525,A
8526,S
8527,r
8528,D
8529,U
8530,2
8531,P
8532,b
8533,E
8534,F
8535,O
8536,R
8537,2
8538,A
8539,2
8540,E
8541,A
8542,O
8543,I
8544,H
8545,F
8546,Y
8547,L
8548,m
8549,C
8550,S
8551,6
8552,O
8553,O
8554,S
8555,E
8556,9
8557,O
8558,H
8559,e
8560,I
8561,Y
8562,O
8563,S
8564,h
8565,O
8566,I
8567,i
8568,E
8569,I
8570,i
8571,b
8572,S
8573,Y
8574,D
8575,e
8576,o
8577,B
8578,k
8579,r
8580,I
8581,K
8582,e
8583,U
8584,H
8585,l
8586,P
8587,6
8588,I
8589,n
8590,5
8591,U
8592,R
8593,I
8594,E
8595,r
8596,M
8597,A
8598,K
8599,i
8600,N
8601,L
8602,e
8603,N
8604,T
8605,E
8606,A
8607,O
8608,E
8609,I
8610,A
8611,C
8612,P
8613,A
8614,E
8615,R
8616,h
8617,R
8618,H
8619,O
8620,U
8621,a
8622,e
8623,I
8624,6
8625,E
8626,h
8627,E
8628,M
8629,N
8630,3
8631,h
8632,O
8633,S
8634,N
8635,a
8636,I
8637,C
8638,T
8639,e
8640,y
8641,S
8642,d
8643,R
8644,W
8645,O
8646,O
8647,e
8648,O
8649,E
8650,L
8651,d
8652,R
8653,e
8654,B
8655,S
8656,N
8657,I
8658,B
8659,M
8660,Y
8661,O
8662,1
8663,A
8664,W
8665,a
8666,N
8667,E
8668,D
8669,n
8670,S
8671,N
8672,R
8673,I
8674,O
8675,X
8676,n
8677,S
8678,F
8679,9
8680,r
8681,I
8682,A
8683,E
8684,O
8685,C
8686,R
8687,O
8688,A
8689,S
8690,G
8691,S
8692,L
8693,O
8694,i
8695,N
8696,S
8697,O
8698,D
8699,9
8700,O
8701,E
8702,P
8703,S
8704,Y
8705,7
8706,S
8707,Y
8708,S
8709,d
8710,M
8711,L
8712,F
8713,R
8714,E
8715,I
8716,S
8717,K
8718,N
8719,R
8720,I
8721,R
8722,q
8723,W
8724,i
8725,S
8726,R
8727,4
8728,A
8729,S
8730,W
8731,O
8732,R
8733,0
8734,R
8735,P
8736,k
8737,A
8738,A
8739,L
8740,N
8741,I
8742,T
8743,r
8744,V
8745,I
8746,A
8747,C
8748,O
8749,O
8750,E
8751,2
8752,P
8753,e
8754,a
8755,d
8756,T
8757,T
8758,R
8759,P
8760,R
8761,O
8762,A
8763,N
8764,D
8765,e
8766,U
8767,E
8768,L
8769,E
8770,e
8771,P
8772,H
8773,S
8774,e
8775,S
8776,e
8777,A
8778,R
8779,O
8780,U
8781,n
8782,O
8783,T
8784,O
8785,A
8786,L
8787,O
8788,C
8789,R
8790,T
8791,C
8792,O
8793,M
8794,Q
8795,H
8796,O
8797,U
8798,N
8799,S
8800,O
8801,Z
8802,V
8803,I
8804,a
8805,U
8806,S
8807,l
8808,n
8809,V
8810,E
8811,R
8812,O
8813,O
8814,U
8815,3
8816,n
8817,3
8818,S
8819,e
8820,L
8821,W
8822,A
8823,E
8824,T
8825,C
8826,C
8827,e
8828,e
8829,E
8830,R
8831,i
8832,O
8833,T
8834,G
8835,N
8836,L
8837,P
8838,i
8839,I
8840,e
8841,N
8842,A
8843,K
8844,M
8845,P
8846,I
8847,E
8848,1
8849,A
8850,S
8851,R
8852,D
8853,B
8854,O
8855,N
8856,I
8857,R
8858,B
8859,R
8860,O
8861,D
8862,U
8863,P
8864,e
8865,e
8866,N
8867,O
8868,L
8869,S
8870,U
8871,V
8872,A
8873,R
8874,L
8875,E
8876,F
8877,I
8878,a
8879,i
8880,T
8881,e
8882,G
8883,N
8884,A
8885,O
8886,y
8887,S
8888,P
8889,N
8890,y
8891,R
8892,O
8893,E
8894,n
8895,A
8896,a
8897,T
8898,E
8899,A
8900,e
8901,e
8902,C
8903,R
8904,O
8905,O
8906,N
8907,O
8908,C
8909,K
8910,C
8911,7
8912,e
8913,E
8914,S
8915,W
8916,E
8917,E
8918,V
8919,y
8920,O
8921,C
8922,N
8923,T
8924,T
8925,S
8926,0
8927,D
8928,L
8929,Y
8930,R
8931,M
8932,a
8933,L
8934,T
8935,P
8936,C
8937,G
8938,O
8939,N
8940,O
8941,B
8942,S
8943,a
8944,N
8945,I
8946,K
8947,L
8948,I
8949,H
8950,r
8951,K
8952,C
8953,r
8954,C
8955,I
8956,a
8957,N
8958,I
8959,C
8960,P
8961,S
8962,M
8963,a
8964,T
8965,e
8966,T
8967,S
8968,r
8969,M
8970,e
8971,O
8972,a
8973,A
8974,I
8975,A
8976,e
8977,G
8978,N
8979,T
8980,O
8981,3
8982,W
8983,U
8984,S
8985,6
8986,5
8987,r
8988,N
8989,D
8990,A
8991,A
8992,2
8993,I
8994,E
8995,n
8996,n
8997,O
8998,A
8999,A
9000,e
9001,N
9002,A
9003,O
9004,V
9005,A
9006,H
9007,O
9008,A
9009,n
9010,A
9011,O
9012,P
9013,o
9014,o
9015,t
9016,R
9017,I
9018,R
9019,P
9020,T
9021,T
9022,R
9023,A
9024,H
9025,X
9026,W
9027,O
9028,W
9029,K
9030,O
9031,A
9032,U
9033,T
9034,H
9035,e
9036,U
9037,R
9038,r
9039,N
9040,M
9041,M
9042,E
9043,L
9044,I
9045,J
9046,I
9047,N
9048,r
9049,S
9050,P
9051,R
9052,e
9053,A
9054,W
9055,A
9056,O
9057,O
9058,Z
9059,S
9060,S
9061,y
9062,m
9063,r
9064,m
9065,A
9066,A
9067,T
9068,C
9069,O
9070,E
9071,T
9072,K
9073,O
9074,9
9075,d
9076,a
9077,V
9078,E
9079,A
9080,K
9081,J
9082,O
9083,R
9084,a
9085,E
9086,N
9087,T
9088,T
9089,m
9090,D
9091,A
9092,T
9093,E
9094,E
9095,E
9096,O
9097,A
9098,4
9099,B
9100,a
9101,E
9102,M
9103,a
9104,E
9105,K
9106,K
9107,S
9108,P
9109,O
9110,N
9111,I
9112,M
9113,h
9114,C
9115,S
9116,N
9117,E
9118,M
9119,B
9120,S
9121,H
9122,I
9123,H
9124,R
9125,G
9126,2
9127,R
9128,a
9129,1
9130,O
9131,a
9132,7
9133,A
9134,e
9135,m
9136,I
9137,A
9138,E
9139,O
9140,E
9141,a
9142,E
9143,B
9144,S
9145,O
9146,O
9147,T
9148,B
9149,I
9150,T
9151,5
9152,n
9153,S
9154,O
9155,A
9156,L
9157,O
9158,f
9159,e
9160,7
9161,R
9162,S
9163,A
9164,A
9165,Z
9166,E
9167,e
9168,z
9169,O
9170,R
9171,O
9172,T
9173,M
9174,C
9175,e
9176,A
9177,I
9178,I
9179,D
9180,O
9181,Y
9182,M
9183,n
9184,m
9185,a
9186,X
9187,C
9188,N
9189,2
9190,7
9191,I
9192,N
9193,T
9194,H
9195,A
9196,E
9197,S
9198,R
9199,R
9200,O
9201,S
9202,G
9203,N
9204,R
9205,S
9206,T
9207,O
9208,X
9209,C
9210,A
9211,N
9212,V
9213,e
9214,P
9215,S
9216,G
9217,O
9218,Z
9219,A
9220,E
9221,E
9222,E
9223,h
9224,E
9225,z
9226,r
9227,C
9228,7
9229,B
9230,S
9231,r
9232,t
9233,N
9234,E
9235,R
9236,X
9237,A
9238,L
9239,K
9240,R
9241,K
9242,R
9243,Q
9244,A
9245,S
9246,A
9247,N
9248,R
9249,a
9250,a
9251,R
9252,T
9253,F
9254,M
9255,O
9256,E
9257,P
9258,A
9259,H
9260,L
9261,M
9262,V
9263,G
9264,T
9265,A
9266,O
9267,i
9268,O
9269,I
9270,E
9271,U
9272,e
9273,t
9274,N
9275,H
9276,3
9277,i
9278,F
9279,b
9280,C
9281,t
9282,E
9283,u
9284,I
9285,e
9286,W
9287,A
9288,R
9289,a
9290,O
9291,5
9292,N
9293,A
9294,Y
9295,E
9296,h
9297,z
9298,E
9299,7
9300,T
9301,A
9302,N
9303,S
9304,A
9305,m
9306,A
9307,U
9308,B
9309,T
9310,I
9311,I
9312,P
9313,E
9314,a
9315,Z
9316,A
9317,E
9318,A
9319,E
9320,O
9321,R
9322,N
9323,e
9324,S
9325,S
9326,H
9327,5
9328,O
9329,O
9330,B
9331,e
9332,L
9333,N
9334,M
9335,X
9336,i
9337,t
9338,I
9339,F
9340,N
9341,O
9342,R
9343,H
9344,G
9345,n
9346,A
9347,A
9348,7
9349,r
9350,T
9351,S
9352,O
9353,E
9354,4
9355,N
9356,A
9357,O
9358,U
9359,B
9360,R
9361,A
9362,O
9363,r
9364,E
9365,R
9366,O
9367,A
9368,I
9369,a
9370,O
9371,H
9372,O
9373,L
9374,a
9375,r
9376,C
9377,E
9378,S
9379,N
9380,S
9381,E
9382,S
9383,O
9384,S
9385,O
9386,2
9387,e
9388,F
9389,R
9390,m
9391,E
9392,D
9393,e
9394,e
9395,L
9396,2
9397,Z
9398,E
9399,2
9400,N
9401,P
9402,e
9403,S
9404,e
9405,D
9406,D
9407,E
9408,S
9409,E
9410,a
9411,A
9412,E
9413,a
9414,A
9415,s
9416,A
9417,a
9418,D
9419,U
9420,S
9421,e
9422,S
9423,h
9424,9
9425,N
9426,G
9427,T
9428,S
9429,E
9430,T
9431,n
9432,G
9433,D
9434,R
9435,E
9436,R
9437,e
9438,n
9439,L
9440,E
9441,S
9442,N
9443,R
9444,L
9445,I
9446,Z
9447,N
9448,R
9449,6
9450,A
9451,C
9452,0
9453,B
9454,O
9455,N
9456,U
9457,e
9458,O
9459,D
9460,R
9461,i
9462,B
9463,i
9464,G
9465,a
9466,A
9467,F
9468,E
9469,e
9470,t
9471,C
9472,P
9473,H
9474,I
9475,A
9476,O
9477,E
9478,A
9479,a
9480,P
9481,G
9482,I
9483,G
9484,t
9485,A
9486,H
9487,N
9488,S
9489,A
9490,x
9491,n
9492,E
9493,N
9494,Y
9495,S
9496,S
9497,E
9498,g
9499,R
9500,e
9501,N
9502,C
9503,r
9504,G
9505,A
9506,7
9507,e
9508,h
9509,X
9510,9
9511,W
9512,A
9513,T
9514,A
9515,3
9516,N
9517,G
9518,I
9519,E
9520,i
9521,O
9522,I
9523,y
9524,A
9525,E
9526,U
9527,W
9528,R
9529,I
9530,e
9531,L
9532,A
9533,I
9534,T
9535,F
9536,R
9537,I
9538,T
9539,N
9540,L
9541,6
9542,T
9543,D
9544,O
9545,G
9546,E
9547,O
9548,U
9549,a
9550,e
9551,B
9552,a
9553,N
9554,R
9555,S
9556,E
9557,O
9558,S
9559,e
9560,3
9561,D
9562,H
9563,R
9564,e
9565,N
9566,A
9567,1
9568,R
9569,A
9570,y
9571,e
9572,C
9573,M
9574,N
9575,i
9576,Y
9577,1
9578,S
9579,N
9580,T
9581,E
9582,U
9583,A
9584,R
9585,A
9586,L
9587,U
9588,n
9589,O
9590,t
9591,H
9592,N
9593,A
9594,O
9595,C
9596,A
9597,N
9598,T
9599,N
9600,E
9601,N
9602,E
9603,e
9604,E
9605,2
9606,1
9607,A
9608,C
9609,e
9610,n
9611,T
9612,R
9613,A
9614,i
9615,A
9616,p
9617,u
9618,E
9619,S
9620,O
9621,A
9622,O
9623,O
9624,A
9625,I
9626,E
9627,I
9628,e
9629,A
9630,N
9631,A
9632,D
9633,e
9634,r
9635,A
9636,R
9637,I
9638,A
9639,B
9640,S
9641,t
9642,I
9643,a
9644,O
9645,O
9646,0
9647,E
9648,R
9649,n
9650,1
9651,T
9652,e
9653,i
9654,P
9655,E
9656,I
9657,E
9658,A
9659,e
9660,C
9661,T
9662,S
9663,E
9664,A
9665,T
9666,T
9667,O
9668,X
9669,U
9670,N
9671,e
9672,R
9673,n
9674,J
9675,C
9676,E
9677,X
9678,O
9679,H
9680,O
9681,G
9682,R
9683,P
9684,O
9685,E
9686,E
9687,S
9688,3
9689,O
9690,Y
9691,L
9692,e
9693,S
9694,I
9695,O
9696,N
9697,C
9698,N
9699,T
9700,I
9701,C
9702,A
9703,r
9704,U
9705,I
9706,F
9707,T
9708,r
9709,R
9710,C
9711,Z
9712,O
9713,T
9714,G
9715,E
9716,e
9717,i
9718,H
9719,a
9720,t
9721,S
9722,U
9723,N
9724,G
9725,T
9726,T
9727,V
9728,A
9729,e
9730,S
9731,U
9732,g
9733,E
9734,9
9735,H
9736,A
9737,a
9738,E
9739,F
9740,h
9741,R
9742,R
9743,n
9744,I
9745,N
9746,R
9747,a
9748,S
9749,T
9750,A
9751,R
9752,O
9753,e
9754,N
9755,X
9756,S
9757,I
9758,R
9759,S
9760,9
9761,I
9762,a
9763,K
9764,R
9765,T
9766,R
9767,S
9768,H
9769,I
9770,T
9771,r
9772,S
9773,t
9774,e
9775,G
9776,S
9777,E
9778,7
9779,A
9780,T
9781,O
9782,A
9783,O
9784,P
9785,A
9786,M
9787,a
9788,7
9789,I
9790,O
9791,N
9792,O
9793,t
9794,M
9795,N
9796,I
9797,r
9798,M
9799,i
9800,Z
9801,R
9802,B
9803,8
9804,I
9805,H
9806,A
9807,L
9808,C
9809,A
9810,R
9811,n
9812,e
9813,L
9814,N
9815,S
9816,r
9817,A
9818,m
9819,S
9820,M
9821,m
9822,N
9823,H
9824,O
9825,X
9826,S
9827,S
9828,S
9829,P
9830,y
9831,4
9832,I
9833,a
9834,U
9835,l
9836,O
9837,I
9838,h
9839,a
9840,B
9841,N
9842,R
9843,T
9844,T
9845,S
9846,A
9847,O
9848,R
9849,A
9850,2
9851,O
9852,H
9853,H
9854,B
9855,H
9856,D
9857,v
9858,R
9859,t
9860,t
9861,S
9862,E
9863,M
9864,a
9865,e
9866,R
9867,C
9868,S
9869,a
9870,I
9871,E
9872,N
9873,T
9874,u
9875,T
9876,V
9877,G
9878,T
9879,2
9880,E
9881,R
9882,A
9883,S
9884,S
9885,e
9886,7
9887,O
9888,O
9889,E
9890,E
9891,A
9892,G
9893,O
9894,H
9895,O
9896,i
9897,I
9898,O
9899,O
9900,A
9901,A
9902,e
9903,N
9904,e
9905,T
9906,T
9907,i
9908,S
9909,W
9910,A
9911,3
9912,X
9913,R
9914,E
9915,R
9916,H
9917,G
9918,O
9919,N
9920,T
9921,R
9922,H
9923,O
9924,n
9925,N
9926,E
9927,X
9928,R
9929,e
9930,S
9931,1
9932,S
9933,O
9934,C
9935,A
9936,A
9937,P
9938,E
9939,O
9940,I
9941,F
9942,L
9943,F
9944,R
9945,N
9946,r
9947,L
9948,C
9949,r
9950,V
9951,R
9952,X
9953,I
9954,d
9955,2
9956,E
9957,1
9958,T
9959,e
9960,t
9961,H
9962,A
9963,S
9964,B
9965,Z
9966,A
9967,I
9968,I
9969,R
9970,U
9971,C
9972,N
9973,S
9974,R
9975,k
9976,N
9977,r
9978,T
9979,M
9980,T
9981,L
9982,S
9983,R
9984,5
9985,E
9986,A
9987,L
9988,R
9989,A
9990,I
9991,S
9992,T
9993,X
9994,M
9995,a
9996,O
9997,S
9998,T
9999,n
10000,T
10001,F
10002,C
10003,T
10004,O
10005,y
10006,R
10007,S
10008,r
10009,I
10010,n
10011,I
10012,e
10013,P
10014,K
10015,6
10016,S
10017,2
10018,T
10019,N
10020,K
10021,R
10022,S
10023,d
10024,K
10025,O
10026,O
10027,O
10028,U
10029,n
10030,C
10031,O
10032,e
10033,n
10034,A
10035,N
10036,a
10037,C
10038,C
10039,H
10040,T
10041,U
10042,E
10043,A
10044,A
10045,O
10046,R
10047,N
10048,N
10049,O
10050,B
10051,C
10052,N
10053,E
10054,E
10055,E
10056,O
10057,T
10058,T
10059,e
10060,L
10061,P
10062,2
10063,N
10064,N
10065,E
10066,t
10067,E
10068,d
10069,V
10070,N
10071,O
10072,0
10073,O
10074,S
10075,L
10076,i
10077,O
10078,P
10079,A
10080,A
10081,N
10082,Z
10083,C
10084,O
10085,G
10086,N
10087,e
10088,N
10089,S
10090,T
10091,S
10092,E
10093,O
10094,R
10095,T
10096,I
10097,R
10098,A
10099,A
10100,O
10101,E
10102,O
10103,E
10104,R
10105,U
10106,a
10107,O
10108,A
10109,N
10110,A
10111,a
10112,N
10113,L
10114,E
10115,d
10116,M
10117,O
10118,D
10119,6
10120,T
10121,S
10122,O
10123,G
10124,G
10125,N
10126,O
10127,S
10128,P
10129,D
10130,E
10131,L
10132,B
10133,e
10134,9
10135,A
10136,F
10137,M
10138,O
10139,A
10140,A
10141,L
10142,R
10143,R
10144,T
10145,I
10146,D
10147,E
10148,L
10149,r
10150,E
10151,M
10152,A
10153,S
10154,t
10155,T
10156,A
10157,N
10158,l
10159,I
10160,E
10161,O
10162,H
10163,O
10164,O
10165,M
10166,E
10167,n
10168,O
10169,F
10170,S
10171,K
10172,E
10173,R
10174,A
10175,t
10176,i
10177,T
10178,P
10179,7
10180,T
10181,O
10182,M
10183,a
10184,S
10185,T
10186,e
10187,O
10188,V
10189,T
10190,R
10191,K
10192,L
10193,e
10194,T
10195,A
10196,W
10197,T
10198,S
10199,t
10200,e
10201,S
10202,H
10203,N
10204,F
10205,t
10206,A
10207,L
10208,Y
10209,T
10210,R
10211,L
10212,n
10213,C
10214,N
10215,S
10216,H
10217,L
10218,B
10219,M
10220,R
10221,G
10222,O
10223,S
10224,A
10225,O
10226,P
10227,V
10228,R
10229,E
10230,C
10231,r
10232,S
10233,X
10234,n
10235,S
10236,K
10237,T
10238,X
10239,A
10240,I
10241,E
10242,O
10243,I
10244,n
10245,S
10246,P
10247,N
10248,e
10249,N
10250,E
10251,S
10252,C
10253,W
10254,G
10255,L
10256,R
10257,S
10258,r
10259,r
10260,A
10261,A
10262,E
10263,E
10264,E
10265,D
10266,O
10267,S
10268,T
10269,O
10270,M
10271,N
10272,A
10273,P
10274,W
10275,r
10276,G
10277,R
10278,L
10279,A
10280,N
10281,O
10282,I
10283,A
10284,W
10285,D
10286,n
10287,B
10288,L
10289,O
10290,O
10291,F
10292,a
10293,C
10294,R
10295,I
10296,U
10297,O
10298,h
10299,u
10300,N
10301,L
10302,3
10303,T
10304,D
10305,5
10306,t
10307,V
10308,I
10309,G
10310,M
10311,N
10312,t
10313,O
10314,G
10315,B
10316,t
10317,N
10318,E
10319,C
10320,r
10321,n
10322,t
10323,r
10324,G
10325,F
10326,L
10327,1
10328,N
10329,m
10330,D
10331,V
10332,R
10333,I
10334,9
10335,7
10336,E
10337,R
10338,6
10339,T
10340,E
10341,T
10342,O
10343,2
10344,3
10345,e
10346,O
10347,R
10348,O
10349,S
10350,n
10351,2
10352,A
10353,g
10354,I
10355,o
10356,A
10357,S
10358,H
10359,O
10360,B
10361,P
10362,I
10363,t
10364,S
10365,I
10366,T
10367,K
10368,B
10369,T
10370,T
10371,B
10372,T
10373,O
10374,R
10375,E
10376,R
10377,U
10378,d
10379,i
10380,T
10381,e
10382,S
10383,I
10384,P
10385,T
10386,t
10387,S
10388,S
10389,S
10390,S
10391,S
10392,a
10393,S
10394,A
10395,N
10396,E
10397,T
10398,O
10399,Z
10400,I
10401,O
10402,U
10403,a
10404,e
10405,r
10406,N
10407,E
10408,T
10409,H
10410,O
10411,B
10412,S
10413,T
10414,L
10415,i
10416,N
10417,I
10418,S
10419,O
10420,T
10421,1
10422,R
10423,O
10424,M
10425,t
10426,t
10427,C
10428,A
10429,e
10430,M
10431,C
10432,A
10433,K
10434,a
10435,V
10436,T
10437,A
10438,O
10439,I
10440,C
10441,P
10442,I
10443,n
10444,L
10445,A
10446,I
10447,D
10448,E
10449,T
10450,C
10451,O
10452,R
10453,H
10454,A
10455,O
10456,E
10457,R
10458,M
10459,O
10460,R
10461,R
10462,I
10463,E
10464,I
10465,V
10466,I
10467,O
10468,T
10469,O
10470,O
10471,e
10472,C
10473,R
10474,e
10475,O
10476,m
10477,Z
10478,N
10479,I
10480,G
10481,n
10482,d
10483,I
10484,O
10485,T
10486,N
10487,H
10488,e
10489,E
10490,n
10491,A
10492,S
10493,O
10494,U
10495,T
10496,O
10497,E
10498,B
10499,T
10500,V
10501,U
10502,C
10503,U
10504,w
10505,S
10506,U
10507,U
10508,K
10509,e
10510,R
10511,R
10512,J
10513,P
10514,O
10515,V
10516,O
10517,I
10518,O
10519,A
10520,N
10521,M
10522,6
10523,a
10524,R
10525,I
10526,H
10527,O
10528,T
10529,I
10530,3
10531,P
10532,R
10533,F
10534,3
10535,O
10536,T
10537,G
10538,i
10539,H
10540,D
10541,E
10542,S
10543,I
10544,A
10545,A
10546,O
10547,6
10548,N
10549,A
10550,N
10551,L
10552,r
10553,a
10554,N
10555,I
10556,K
10557,k
10558,T
10559,L
10560,R
10561,l
10562,D
10563,V
10564,b
10565,E
10566,a
10567,V
10568,R
10569,M
10570,e
10571,n
10572,q
10573,R
10574,T
10575,X
10576,t
10577,P
10578,F
10579,P
10580,D
10581,a
10582,S
10583,S
10584,R
10585,q
10586,H
10587,O
10588,T
10589,n
10590,S
10591,R
10592,D
10593,N
10594,O
10595,A
10596,E
10597,P
10598,i
10599,e
10600,e
10601,S
10602,A
10603,V
10604,R
10605,t
10606,T
10607,G
10608,L
10609,O
10610,a
10611,E
10612,O
10613,a
10614,T
10615,W
10616,L
10617,U
10618,O
10619,O
10620,I
10621,r
10622,L
10623,3
10624,S
10625,S
10626,S
10627,Z
10628,a
10629,N
10630,X
10631,O
10632,A
10633,r
10634,G
10635,I
10636,P
10637,S
10638,V
10639,S
10640,h
10641,O
10642,R
10643,I
10644,S
10645,S
10646,e
10647,S
10648,T
10649,O
10650,L
10651,P
10652,n
10653,T
10654,O
10655,E
10656,A
10657,3
10658,H
10659,r
10660,R
10661,i
10662,H
10663,2
10664,S
10665,H
10666,O
10667,H
10668,L
10669,k
10670,T
10671,L
10672,I
10673,W
10674,K
10675,S
10676,M
10677,U
10678,i
10679,S
10680,R
10681,n
10682,R
10683,O
10684,1
10685,H
10686,B
10687,a
10688,A
10689,P
10690,O
10691,O
10692,T
10693,L
10694,A
10695,9
10696,M
10697,C
10698,e
10699,B
10700,y
10701,I
10702,A
10703,N
10704,N
10705,Y
10706,I
10707,Y
10708,m
10709,S
10710,e
10711,A
10712,E
10713,t
10714,I
10715,R
10716,O
10717,A
10718,K
10719,m
10720,A
10721,O
10722,B
10723,T
10724,I
10725,T
10726,N
10727,I
10728,I
10729,L
10730,C
10731,E
10732,E
10733,L
10734,N
10735,C
10736,e
10737,O
10738,O
10739,O
10740,G
10741,r
10742,T
10743,a
10744,O
10745,T
10746,M
10747,T
10748,E
10749,C
10750,G
10751,A
10752,R
10753,r
10754,I
10755,R
10756,R
10757,A
10758,R
10759,S
10760,I
10761,S
10762,4
10763,p
10764,N
10765,C
10766,G
10767,A
10768,R
10769,I
10770,A
10771,A
10772,L
10773,S
10774,9
10775,S
10776,T
10777,I
10778,H
10779,N
10780,E
10781,N
10782,i
10783,R
10784,e
10785,A
10786,R
10787,R
10788,S
10789,n
10790,N
10791,F
10792,m
10793,E
10794,N
10795,I
10796,M
10797,e
10798,M
10799,I
10800,R
10801,O
10802,T
10803,E
10804,1
10805,k
10806,O
10807,B
10808,U
10809,T
10810,N
10811,H
10812,6
10813,E
10814,L
10815,A
10816,E
10817,e
10818,O
10819,I
10820,r
10821,a
10822,R
10823,S
10824,C
10825,A
10826,S
10827,L
10828,F
10829,H
10830,T
10831,O
10832,O
10833,S
10834,n
10835,G
10836,r
10837,t
10838,2
10839,C
10840,A
10841,H
10842,V
10843,T
10844,a
10845,A
10846,N
10847,H
10848,I
10849,S
10850,C
10851,E
10852,e
10853,A
10854,m
10855,S
10856,U
10857,O
10858,C
10859,N
10860,F
10861,S
10862,H
10863,Y
10864,O
10865,A
10866,E
10867,E
10868,7
10869,A
10870,I
10871,T
10872,O
10873,G
10874,a
10875,E
10876,S
10877,T
10878,b
10879,n
10880,A
10881,N
10882,E
10883,K
10884,E
10885,S
10886,r
10887,R
10888,P
10889,R
10890,R
10891,T
10892,I
10893,S
10894,N
10895,K
10896,E
10897,C
10898,A
10899,G
10900,1
10901,m
10902,O
10903,i
10904,O
10905,O
10906,e
10907,S
10908,E
10909,r
10910,N
10911,A
10912,I
10913,O
10914,N
10915,T
10916,r
10917,W
10918,I
10919,T
10920,P
10921,K
10922,E
10923,A
10924,t
10925,E
10926,N
10927,L
10928,O
10929,I
10930,o
10931,O
10932,T
10933,B
10934,L
10935,H
10936,A
10937,H
10938,F
10939,T
10940,S
10941,O
10942,m
10943,N
10944,E
10945,O
10946,T
10947,r
10948,T
10949,h
10950,C
10951,7
10952,B
10953,T
10954,A
10955,T
10956,6
10957,A
10958,6
10959,d
10960,O
10961,A
10962,4
10963,S
10964,R
10965,T
10966,S
10967,O
10968,A
10969,N
10970,e
10971,R
10972,e
10973,O
10974,E
10975,N
10976,n
10977,R
10978,O
10979,R
10980,A
10981,T
10982,S
10983,O
10984,T
10985,e
10986,e
10987,H
10988,N
10989,2
10990,e
10991,T
10992,C
10993,E
10994,6
10995,D
10996,d
10997,3
10998,O
10999,S
11000,A
11001,y
11002,A
11003,C
11004,O
11005,9
11006,D
11007,O
11008,I
11009,O
11010,N
11011,r
11012,R
11013,A
11014,R
11015,N
11016,S
11017,N
11018,D
11019,O
11020,S
11021,E
11022,r
11023,T
11024,q
11025,T
11026,S
11027,M
11028,q
11029,O
11030,L
11031,Y
11032,T
11033,S
11034,C
11035,e
11036,I
11037,C
11038,i
11039,T
11040,M
11041,A
11042,I
11043,N
11044,U
11045,m
11046,O
11047,E
11048,A
11049,N
11050,O
11051,G
11052,r
11053,A
11054,P
11055,C
11056,G
11057,L
11058,S
11059,A
11060,A
11061,r
11062,d
11063,H
11064,y
11065,J
11066,O
11067,O
11068,O
11069,S
11070,k
11071,C
11072,K
11073,O
11074,E
11075,N
11076,A
11077,S
11078,4
11079,L
11080,t
11081,L
11082,L
11083,N
11084,I
11085,n
11086,t
11087,U
11088,2
11089,O
11090,K
11091,Y
11092,E
11093,N
11094,U
11095,E
11096,P
11097,O
11098,D
11099,R
11100,y
11101,n
11102,A
11103,G
11104,C
11105,N
11106,e
11107,L
11108,T
11109,C
11110,F
11111,H
11112,E
11113,W
11114,i
11115,R
11116,n
11117,G
11118,S
11119,O
11120,3
11121,R
11122,W
11123,A
11124,E
11125,I
11126,R
11127,r
11128,O
11129,O
11130,9
11131,e
11132,V
11133,T
11134,t
11135,N
11136,P
11137,C
11138,I
11139,A
11140,B
11141,i
11142,l
11143,G
11144,t
11145,H
11146,S
11147,F
11148,H
11149,g
11150,O
11151,N
11152,I
11153,E
11154,N
11155,e
11156,W
11157,E
11158,A
11159,H
11160,G
11161,R
11162,F
11163,S
11164,O
11165,D
11166,A
11167,E
11168,O
11169,A
11170,G
11171,I
11172,e
11173,S
11174,a
11175,e
11176,m
11177,e
11178,H
11179,n
11180,Y
11181,Y
11182,R
11183,9
11184,V
11185,T
11186,O
11187,O
11188,I
11189,n
11190,L
11191,C
11192,M
11193,O
11194,A
11195,I
11196,a
11197,A
11198,g
11199,V
11200,G
11201,O
11202,S
11203,r
11204,N
11205,J
11206,G
11207,i
11208,N
11209,A
11210,O
11211,N
11212,4
11213,S
11214,i
11215,R
11216,E
11217,N
11218,E
11219,R
11220,9
11221,O
11222,N
11223,E
11224,e
11225,D
11226,S
11227,T
11228,a
11229,O
11230,R
11231,z
11232,R
11233,Y
11234,a
11235,F
11236,R
11237,O
11238,O
11239,3
11240,I
11241,T
11242,R
11243,a
11244,I
11245,O
11246,O
11247,M
11248,E
11249,n
11250,R
11251,O
11252,S
11253,K
11254,j
11255,O
11256,P
11257,D
11258,1
11259,E
11260,O
11261,N
11262,A
11263,2
11264,A
11265,m
11266,a
11267,2
11268,O
11269,a
11270,A
11271,C
11272,C
11273,L
11274,W
11275,Y
11276,G
11277,O
11278,R
11279,h
11280,G
11281,T
11282,k
11283,O
11284,5
11285,E
11286,T
11287,M
11288,N
11289,r
11290,1
11291,R
11292,S
11293,O
11294,M
11295,B
11296,T
11297,C
11298,G
11299,A
11300,O
11301,O
11302,N
11303,k
11304,u
11305,I
11306,D
11307,R
11308,T
11309,E
11310,0
11311,P
11312,a
11313,1
11314,6
11315,O
11316,t
11317,O
11318,C
11319,O
11320,E
11321,A
11322,R
11323,I
11324,E
11325,M
11326,S
11327,I
11328,H
11329,O
11330,T
11331,S
11332,A
11333,m
11334,Y
11335,O
11336,M
11337,N
11338,T
11339,e
11340,n
11341,V
11342,E
11343,i
11344,R
11345,A
11346,r
11347,O
11348,e
11349,O
11350,S
11351,O
11352,Y
11353,C
11354,A
11355,V
11356,C
11357,e
11358,C
11359,O
11360,N
11361,T
11362,9
11363,A
11364,z
11365,I
11366,R
11367,A
11368,S
11369,R
11370,A
11371,O
11372,L
11373,I
11374,h
11375,B
11376,m
11377,Y
11378,A
11379,E
11380,C
11381,W
11382,S
11383,e
11384,R
11385,G
11386,I
11387,e
11388,L
11389,H
11390,Z
11391,L
11392,0
11393,P
11394,A
11395,L
11396,u
11397,O
11398,R
11399,O
11400,N
11401,T
11402,T
11403,L
11404,O
11405,U
11406,i
11407,I
11408,N
11409,H
11410,q
11411,e
11412,I
11413,U
11414,C
11415,R
11416,S
11417,r
11418,e
11419,J
11420,n
11421,O
11422,S
11423,A
11424,e
11425,I
11426,E
11427,A
11428,N
11429,7
11430,W
11431,R
11432,I
11433,h
11434,O
11435,S
11436,E
11437,E
11438,A
11439,P
11440,O
11441,R
11442,A
11443,A
11444,M
11445,e
11446,H
11447,G
11448,N
11449,m
11450,E
11451,U
11452,N
11453,E
11454,S
11455,P
11456,Y
11457,U
11458,E
11459,e
11460,R
11461,S
11462,A
11463,R
11464,T
11465,L
11466,R
11467,y
11468,A
11469,J
11470,7
11471,S
11472,S
11473,i
11474,P
11475,R
11476,S
11477,N
11478,B
11479,C
11480,G
11481,O
11482,I
11483,G
11484,S
11485,F
11486,0
11487,N
11488,R
11489,N
11490,a
11491,J
11492,B
11493,O
11494,E
11495,A
11496,O
11497,F
11498,S
11499,2
11500,O
11501,S
11502,E
11503,S
11504,A
11505,e
11506,5
11507,O
11508,i
11509,O
11510,S
11511,T
11512,i
11513,O
11514,E
11515,O
11516,d
11517,C
11518,A
11519,G
11520,I
11521,R
11522,M
11523,L
11524,O
11525,U
11526,l
11527,R
11528,O
11529,n
11530,G
11531,A
11532,I
11533,a
11534,A
11535,C
11536,T
11537,a
11538,r
11539,a
11540,V
11541,O
11542,K
11543,R
11544,D
11545,O
11546,E
11547,W
11548,E
11549,O
11550,O
11551,G
11552,t
11553,1
11554,C
11555,I
11556,A
11557,C
11558,R
11559,n
11560,W
11561,a
11562,I
11563,i
11564,t
11565,E
11566,3
11567,A
11568,S
11569,d
11570,K
11571,m
11572,U
11573,r
11574,T
11575,A
11576,O
11577,N
11578,L
11579,S
11580,O
11581,L
11582,n
11583,n
11584,A
11585,I
11586,S
11587,R
11588,O
11589,L
11590,2
11591,E
11592,D
11593,T
11594,O
11595,I
11596,X
11597,M
11598,a
11599,N
11600,Y
11601,R
11602,A
11603,d
11604,A
11605,A
11606,r
11607,O
11608,n
11609,S
11610,r
11611,K
11612,E
11613,R
11614,4
11615,r
11616,T
11617,V
11618,A
11619,M
11620,A
11621,e
11622,t
11623,E
11624,R
11625,T
11626,I
11627,d
11628,a
11629,K
11630,T
11631,T
11632,0
11633,S
11634,A
11635,P
11636,O
11637,I
11638,U
11639,S
11640,C
11641,I
11642,r
11643,H
11644,F
11645,T
11646,H
11647,r
11648,M
11649,A
11650,I
11651,I
11652,N
11653,R
11654,O
11655,E
11656,S
11657,G
11658,O
11659,R
11660,O
11661,I
11662,L
11663,E
11664,A
11665,O
11666,S
11667,E
11668,W
11669,2
11670,I
11671,R
11672,V
11673,S
11674,N
11675,L
11676,T
11677,P
11678,A
11679,U
11680,S
11681,m
11682,m
11683,S
11684,e
11685,T
11686,r
11687,N
11688,b
11689,n
11690,E
11691,R
11692,N
11693,A
11694,R
11695,G
11696,S
11697,E
11698,C
11699,M
11700,I
11701,r
11702,M
11703,T
11704,E
11705,A
11706,B
11707,L
11708,I
11709,A
11710,e
11711,C
11712,T
11713,V
11714,g
11715,O
11716,R
11717,I
11718,S
11719,T
11720,p
11721,R
11722,n
11723,A
11724,S
11725,O
11726,H
11727,E
11728,H
11729,P
11730,S
11731,I
11732,3
11733,S
11734,t
11735,G
11736,R
11737,R
11738,O
11739,0
11740,B
11741,E
11742,e
11743,R
11744,e
11745,K
11746,Y
11747,E
11748,A
11749,A
11750,H
11751,O
11752,R
11753,N
11754,E
11755,S
11756,A
11757,T
11758,n
11759,I
11760,3
11761,N
11762,N
11763,M
11764,J
11765,e
11766,r
11767,W
11768,i
11769,O
11770,H
11771,N
11772,O
11773,N
11774,O
11775,K
11776,R
11777,N
11778,G
11779,S
11780,R
11781,S
11782,G
11783,K
11784,X
11785,I
11786,I
11787,R
11788,C
11789,A
11790,a
11791,2
11792,L
11793,V
11794,a
11795,d
11796,R
11797,i
11798,L
11799,V
11800,E
11801,N
11802,e
11803,Y
11804,m
11805,I
11806,I
11807,T
11808,R
11809,K
11810,O
11811,T
11812,B
11813,6
11814,E
11815,m
11816,S
11817,S
11818,y
11819,a
11820,A
11821,N
11822,Y
11823,n
11824,O
11825,I
11826,I
11827,E
11828,2
11829,G
11830,I
11831,t
11832,i
11833,9
11834,C
11835,a
11836,O
11837,W
11838,D
11839,E
11840,E
11841,d
11842,I
11843,H
11844,E
11845,Z
11846,i
11847,R
11848,X
11849,H
11850,R
11851,D
11852,g
11853,A
11854,D
11855,V
11856,t
11857,1
11858,4
11859,0
11860,G
11861,n
11862,N
11863,E
11864,E
11865,i
11866,6
11867,A
11868,t
11869,i
11870,I
11871,I
11872,a
11873,A
11874,C
11875,O
11876,e
11877,U
11878,3
11879,o
11880,N
11881,R
11882,O
11883,N
11884,L
11885,A
11886,S
11887,R
11888,T
11889,M
11890,i
11891,o
11892,T
11893,N
11894,e
11895,N
11896,S
11897,P
11898,g
11899,H
11900,C
11901,S
11902,H
11903,C
11904,a
11905,Z
11906,H
11907,O
11908,S
11909,F
11910,L
11911,U
11912,R
11913,E
11914,N
11915,C
11916,S
11917,S
11918,I
11919,M
11920,M
11921,P
11922,V
11923,A
11924,e
11925,M
11926,R
11927,O
11928,L
11929,H
11930,A
11931,O
11932,y
11933,O
11934,1
11935,P
11936,O
11937,L
11938,S
11939,N
11940,C
11941,9
11942,N
11943,A
11944,C
11945,S
11946,A
11947,I
11948,H
11949,O
11950,O
11951,O
11952,A
11953,T
11954,E
11955,O
11956,O
11957,G
11958,W
11959,d
11960,e
11961,U
11962,E
11963,E
11964,R
11965,a
11966,C
11967,T
11968,A
11969,A
11970,T
11971,E
11972,H
11973,S
11974,T
11975,C
11976,I
11977,E
11978,H
11979,A
11980,C
11981,P
11982,B
11983,O
11984,H
11985,O
11986,U
11987,H
11988,O
11989,E
11990,O
11991,A
11992,H
11993,K
11994,A
11995,C
11996,P
11997,R
11998,A
11999,R
12000,T
12001,I
12002,K
12003,W
12004,H
12005,P
12006,A
12007,M
12008,A
12009,R
12010,3
12011,m
12012,E
12013,E
12014,7
12015,P
12016,A
12017,R
12018,N
12019,D
12020,I
12021,i
12022,O
12023,e
12024,S
12025,U
12026,S
12027,H
12028,C
12029,I
12030,e
12031,H
12032,D
12033,I
12034,O
12035,R
12036,S
12037,r
12038,1
12039,E
12040,O
12041,O
12042,E
12043,0
12044,C
12045,M
12046,S
12047,a
12048,R
12049,A
12050,R
12051,G
12052,C
12053,E
12054,B
12055,R
12056,A
12057,H
12058,O
12059,E
12060,e
12061,S
12062,T
12063,X
12064,M
12065,Z
12066,e
12067,n
12068,H
12069,i
12070,R
12071,H
12072,G
12073,a
12074,A
12075,9
12076,C
12077,R
12078,r
12079,h
12080,R
12081,E
12082,a
12083,T
12084,S
12085,e
12086,a
12087,b
12088,m
12089,S
12090,A
12091,g
12092,M
12093,I
12094,y
12095,K
12096,L
12097,e
12098,I
12099,R
12100,T
12101,r
12102,e
12103,O
12104,L
12105,T
12106,y
12107,I
12108,H
12109,u
12110,O
12111,A
12112,I
12113,X
12114,M
12115,D
12116,K
12117,C
12118,A
12119,N
12120,R
12121,Y
12122,L
12123,B
12124,l
12125,T
12126,I
12127,O
12128,S
12129,L
12130,K
12131,O
12132,R
12133,E
12134,E
12135,O
12136,E
12137,U
12138,O
12139,H
12140,C
12141,G
12142,L
12143,S
12144,A
12145,A
12146,P
12147,1
12148,S
12149,E
12150,A
12151,O
12152,E
12153,a
12154,C
12155,r
12156,O
12157,A
12158,b
12159,O
12160,t
12161,L
12162,e
12163,t
12164,C
12165,O
12166,L
12167,O
12168,P
12169,O
12170,S
12171,C
12172,A
12173,e
12174,T
12175,I
12176,S
12177,R
12178,E
12179,O
12180,T
12181,C
12182,O
12183,C
12184,G
12185,S
12186,A
12187,O
12188,r
12189,E
12190,N
12191,U
12192,E
12193,S
12194,E
12195,N
12196,t
12197,O
12198,S
12199,t
12200,W
12201,E
12202,R
12203,S
12204,T
12205,S
12206,A
12207,G
12208,Y
12209,S
12210,T
12211,Y
12212,e
12213,W
12214,T
12215,t
12216,e
12217,U
12218,I
12219,B
12220,m
12221,I
12222,i
12223,N
12224,N
12225,P
12226,I
12227,D
12228,r
12229,S
12230,O
12231,2
12232,E
12233,r
12234,C
12235,E
12236,R
12237,U
12238,A
12239,T
12240,P
12241,R
12242,e
12243,S
12244,P
12245,H
12246,H
12247,H
12248,Y
12249,t
12250,S
12251,R
12252,O
12253,T
12254,U
12255,T
12256,n
12257,S
12258,1
12259,e
12260,2
12261,O
12262,T
12263,D
12264,I
12265,e
12266,O
12267,B
12268,G
12269,C
12270,6
12271,O
12272,2
12273,a
12274,U
12275,O
12276,U
12277,U
12278,C
12279,d
12280,R
12281,E
12282,b
12283,P
12284,C
12285,T
12286,a
12287,e
12288,U
12289,e
12290,N
12291,S
12292,e
12293,A
12294,N
12295,O
12296,m
12297,R
12298,C
12299,C
12300,I
12301,N
12302,R
12303,O
12304,3
12305,W
12306,A
12307,O
12308,5
12309,r
12310,e
12311,A
12312,M
12313,D
12314,M
12315,d
12316,A
12317,O
12318,O
12319,n
12320,R
12321,G
12322,i
12323,y
12324,R
12325,A
12326,N
12327,r
12328,L
12329,I
12330,E
12331,D
12332,F
12333,F
12334,Y
12335,O
12336,N
12337,M
12338,t
12339,7
12340,U
12341,R
12342,R
12343,r
12344,E
12345,T
12346,I
12347,O
12348,O
12349,A
12350,a
12351,S
12352,R
12353,E
12354,K
12355,n
12356,E
12357,C
12358,N
12359,I
12360,A
12361,U
12362,t
12363,Y
12364,a
12365,P
12366,K
12367,H
12368,E
12369,I
12370,C
12371,O
12372,E
12373,C
12374,N
12375,V
12376,O
12377,H
12378,G
12379,C
12380,9
12381,r
12382,T
12383,O
12384,U
12385,A
12386,C
12387,t
12388,Y
12389,U
12390,E
12391,I
12392,L
12393,r
12394,C
12395,J
12396,C
12397,T
12398,E
12399,E
12400,t
12401,E
12402,L
12403,I
12404,O
12405,A
12406,D
12407,E
12408,T
12409,L
12410,N
12411,O
12412,M
12413,M
12414,t
12415,m
12416,i
12417,l
12418,O
12419,7
12420,b
12421,D
12422,I
12423,R
12424,R
12425,O
12426,A
12427,R
12428,E
12429,O
12430,E
12431,K
12432,T
12433,A
12434,i
12435,H
12436,A
12437,e
12438,e
12439,M
12440,R
12441,B
12442,A
12443,M
12444,O
12445,T
12446,b
12447,5
12448,n
12449,b
12450,A
12451,S
12452,A
12453,E
12454,A
12455,C
12456,K
12457,I
12458,x
12459,I
12460,A
12461,S
12462,i
12463,n
12464,y
12465,E
12466,I
12467,d
12468,e
12469,N
12470,O
12471,G
12472,q
12473,C
12474,E
12475,I
12476,H
12477,T
12478,n
12479,U
12480,O
12481,H
12482,A
12483,L
12484,O
12485,U
12486,O
12487,A
12488,O
12489,W
12490,E
12491,S
12492,R
12493,A
12494,S
12495,C
12496,E
12497,I
12498,R
12499,O
12500,O
12501,R
12502,N
12503,N
